{
    "os": "Linux-6.1.58+-x86_64-with-glibc2.35",
    "python": "3.10.12",
    "heartbeatAt": "2024-01-07T09:11:41.125953",
    "startedAt": "2024-01-07T09:11:37.549849",
    "docker": null,
    "cuda": null,
    "args": [],
    "state": "running",
    "program": "Question_Answer_Application.ipynb",
    "codePathLocal": "Question_Answer_Application.ipynb",
    "colab": "https://colab.research.google.com/notebook#fileId=1RtoHzcnZctIBaCUlZ6pk_8FslEvc-Big",
    "host": "e902e4a684a7",
    "username": "root",
    "executable": "/usr/bin/python3",
    "cpu_count": 4,
    "cpu_count_logical": 8,
    "cpu_freq": {
        "current": 2199.998,
        "min": 0.0,
        "max": 0.0
    },
    "cpu_freq_per_core": [
        {
            "current": 2199.998,
            "min": 0.0,
            "max": 0.0
        },
        {
            "current": 2199.998,
            "min": 0.0,
            "max": 0.0
        },
        {
            "current": 2199.998,
            "min": 0.0,
            "max": 0.0
        },
        {
            "current": 2199.998,
            "min": 0.0,
            "max": 0.0
        },
        {
            "current": 2199.998,
            "min": 0.0,
            "max": 0.0
        },
        {
            "current": 2199.998,
            "min": 0.0,
            "max": 0.0
        },
        {
            "current": 2199.998,
            "min": 0.0,
            "max": 0.0
        },
        {
            "current": 2199.998,
            "min": 0.0,
            "max": 0.0
        }
    ],
    "disk": {
        "/": {
            "total": 166.77415084838867,
            "used": 26.775035858154297
        }
    },
    "gpu": "Tesla T4",
    "gpu_count": 1,
    "gpu_devices": [
        {
            "name": "Tesla T4",
            "memory_total": 16106127360
        }
    ],
    "memory": {
        "total": 50.993682861328125
    }
}
